{
  "1": {
    "weight": 533.4
  },
  "2": {
    "weight": 2489.200000000001
  },
  "3": {
    "weight": 2755.9000000000015
  },
  "4": {
    "weight": 2667.0000000000014
  },
  "5": {
    "weight": 1600.2000000000005
  },
  "6": {},
  "7": {},
  "8": {},
  "9": {},
  "10": {},
  "11": {},
  "12": {}
}