{
  "1": {
    "weight": 533.4
  },
  "2": {
    "weight": 2489.200000000001
  },
  "3": {
    "weight": 2755.9000000000015
  },
  "4": {
    "weight": 2400.300000000001
  },
  "5": {},
  "6": {},
  "7": {},
  "8": {},
  "9": {},
  "10": {},
  "11": {},
  "12": {}
}